,,NTC,NTC,NTC,NTC,NTC,NTC,NTC,NTC,NTC,NTC,NTC,NTC,NTC,NTC,NTC,Common,Common
,,#Ct Pos,#Ct Valid,#Tm NS,#Tm PD,#Tm Specif,ID Template Name,Max Ct,Max Tm1,Mean Ct,Mean NS ng/ul,Mean PD ng/ul,Mean Specif ng/ul,Min Ct,Min Tm1,Specif ng/ul Pos,Efficiency,R Squared
A81_E361_1_ID,AMR_NDM_x.3_NDM19_NDM21,0 | 2,2 | 2,1 | 2,2 | 2,0 | 2,,32.2509994506836,79.299919128418,31.41588401794435,0.0,70.50374995167037,0.0,30.5807685852051,79.0261688232422,0 | 1,0,
A81_E361_1_ID,AMR_NDM_x.4_NDM19_NDM22,0 | 2,2 | 2,1 | 2,2 | 2,0 | 2,,26.3312339782715,87.5124359130859,24.829713821411147,0.0,9.00951457547746,0.0,23.3281936645508,79.299919128418,0 | 1,0,
A81_E361_3_ID,AMR_vim1vim2_x.7_VIM49_VIM51,0 | 2,2 | 2,0 | 2,2 | 2,0 | 2,,35.1075401306152,77.3903732299805,34.73404121398925,0.0,19.55400569165474,0.0,34.3605422973633,77.2545166015625,0 | 1,0,
A81_E361_3_ID,AMR_vim1vim2_x.8_VIM32_VIM54,0 | 2,2 | 2,0 | 2,2 | 2,0 | 2,,32.7292327880859,79.0206604003906,31.478751182556152,0.0,29.042844817686888,0.0,30.2282695770264,78.7489471435547,0 | 1,0,
